L,h,E_excess,P_physical_z,Q_sigma,Delta_Q_phi,radius_carrier_rms,pohozaev_transverse,pohozaev_longitudinal,pohozaev_transverse_boundary_corrected,pohozaev_longitudinal_boundary_corrected,stationary_residual
16.0,0.5,-201.94747769821976,822.0541087175233,7.133454605552268,-310.6468878514394,5.738429427644709,-5.228113619604272,-1.8872938464870757,-2.556126930364266,2.652077609710709,7.396860901565105e-15
16.0,0.4,-200.68113622293114,823.5464877054085,7.1546523492104255,-310.6335664750117,5.736908041061117,-4.315555683271498,-2.8036413667221254,-1.6505370003136566,1.7189405331106764,9.735268147181841e-15
16.0,0.3333333333333333,-199.97192201946845,824.3665464317781,7.165891546496167,-310.61723975097027,5.736058765385931,-3.8125878444620582,-3.312525617940601,-1.151479060552815,1.2018856358443601,1.917910275039958e-14
24.0,0.5,-205.99156868901323,764.6264769812898,6.9700286697158385,-303.6616339054261,5.555369703923022,-3.0057140880249733,1.2092692604806459,-2.3884595809738416,2.4924143869796045,9.237402509576498e-15
24.0,0.4,-204.8468815157121,766.3261358556314,6.991856738031357,-303.7328926165033,5.555225620980195,-2.158099616436999,0.3371347364751358,-1.543683425923518,1.6173559152584143,1.623874645861889e-14
24.0,0.3333333333333333,-204.2040083937993,767.2581675645913,7.003449116217583,-303.7626272068064,5.555124734964885,-1.690454433675768,-0.14744203318304727,-1.0775950201145728,1.1315629719522955,2.1545265571631944e-14
32.0,0.5,-204.7145358825823,752.7139264667178,6.936043285100848,-300.6928901315474,5.516659619081699,-2.6035815959031936,1.9213264545964606,-2.359238353905324,2.4591599635906265,7.920313710441107e-15
32.0,0.4,-203.62290775036107,754.4409016947658,6.9579756469293885,-300.7995750373458,5.51678545193357,-1.7683186087526792,1.059621163334242,-1.5252986794714947,1.5964383125808093,1.160226428820188e-14
32.0,0.3333333333333333,-203.00887690172738,755.3872660104926,6.96962700719751,-300.84854841210756,5.51683124398199,-1.3073155088531792,0.580770995090738,-1.0650185499783915,1.1172040075478975,1.829873058634135e-14
40.0,0.5,-203.40477475890637,748.6358593881102,6.924405513658394,-299.05667364469707,5.503344968722277,-2.4731721930284607,2.1727635910929095,-2.3511890814802747,2.447719110699737,8.773363979752702e-15
40.0,0.4,-202.34181270714475,750.3687257071695,6.94637080723328,-299.18272441747195,5.503561219078206,-1.6416478669646324,1.3147864745001456,-1.5203744155385999,1.5892686787848063,1.3727734227142463e-14
40.0,0.3333333333333333,-201.74334799201876,751.3179345937763,6.958040869345544,-299.2422066347888,5.503656148884299,-1.1826139469008865,0.8379826964150183,-1.0617276674112603,1.1122960024358932,2.2021880846656572e-14
