c,nu,L,h,E_excess,P_physical_z,Delta_Q_phi,Q_sigma,radius_carrier_rms,radius_carrier_peak,stationary_residual,status
0.6,0.3,24.0,0.5,-205.99156868901323,764.6264769812898,-303.6616339054261,6.9700286697158385,5.555369703923022,5.0,9.237402509576498e-15,converged
0.59,0.3,24.0,0.5,-212.70334040180467,802.2575748444135,-313.8963290683049,7.177310087556075,5.677918700890708,5.5,8.88872309090516e-15,converged
0.58,0.3,24.0,0.5,-219.72749551116496,842.534879638486,-324.6436321731411,7.395204489920986,5.806045309234218,5.5,6.186023915333294e-15,converged
0.56,0.3,24.0,0.5,-234.77819250333104,932.0182019432552,-347.80948579663846,7.8654426547685174,6.080513904505968,5.5,6.175615574477433e-15,converged
0.54,0.3,24.0,0.5,-251.2819496221162,1035.3631168837417,-373.45503716699756,8.386563226185565,6.382115051439189,6.0,6.045511313779173e-15,converged
0.52,0.3,24.0,0.5,-269.3892389005589,1155.4598303803593,-401.93021271951807,8.965535362663212,6.714899367020601,6.5,7.395126178089129e-15,converged
0.5,0.3,24.0,0.5,-289.26058805763114,1296.015792810743,-433.65238751755015,9.61083293161762,7.083856630719837,6.5,9.144594803611739e-15,converged
0.61,0.3,24.0,0.5,-199.57680669047355,729.4255684892968,-293.90928780098693,6.772768193371974,5.438067924774011,5.0,7.466249840604178e-15,converged
0.62,0.3,24.0,0.5,-193.44437923113378,696.4602962365262,-284.61119610229173,6.584976475841513,5.3257112083979194,5.0,6.836545218824597e-15,converged
0.64,0.3,24.0,0.5,-181.97104491198542,636.5505792714014,-267.27490659486364,6.235757082050914,5.114748107419893,4.5,8.052586375484339e-15,converged
0.66,0.3,24.0,0.5,-171.46641338609894,583.6803055936559,-251.46347850902745,5.918560940508865,4.920524372898353,4.5,2.0816681711721685e-14,converged
0.68,0.3,24.0,0.5,-161.83372519143765,536.8430804592967,-237.01052865560519,5.629945441753291,4.741382767635571,4.0,7.65533469948565e-15,converged
0.7,0.3,24.0,0.5,-152.98351234841465,495.19948039360565,-223.7685119921385,5.366751415513554,4.575913346385725,4.0,6.337812219481265e-15,converged
0.6,0.29,24.0,0.5,-204.5968568311556,765.1912757124485,-302.6938866489082,6.672868091464267,5.554229931833481,5.0,8.56779924784945e-15,converged
0.6,0.28,24.0,0.5,-203.26166254898217,765.7323242439277,-301.76834205957414,6.382793622095723,5.553140017028265,5.0,6.480926906249351e-15,converged
0.6,0.26,24.0,0.5,-200.76429155509305,766.7451739667924,-300.03959385496927,5.8225752109889575,5.551104126713639,5.0,7.847889005319075e-15,converged
0.6,0.31,24.0,0.5,-207.44727941970368,764.0373972734868,-304.67272687005044,7.274621576674697,5.556560880209022,5.0,6.813993813636898e-15,converged
0.6,0.32,24.0,0.5,-208.96555286938056,763.4234809296053,-305.7283732602857,7.587005323060082,5.557805129205572,5.0,8.352693536828326e-15,converged
0.6,0.34,24.0,0.5,-212.19648106686026,762.1187863297092,-307.97850067255587,8.236645573676453,5.560460187027599,5.0,7.615436059538183e-15,converged
